{
 "HashAlgorithm": "SHA256",
 "imageinfo": [
  {
   "addr": 16384,
   "file": "ap_bootloader.bin",
   "hash": "3C0407F6C4F246E17839D3AA93310B3BDD79070266597C8345DFAE191F84CC37",
   "type": "BL"
  },
  {
   "addr": 147456,
   "file": "ap_at_command.bin",
   "hash": "56C1F6BB6BC0DE3202D66A247A75E32C56171AAB417C21C686C5CBD86F81C636",
   "type": "AP"
  },
  {
   "addr": 0,
   "file": "cp-demo-flash.bin",
   "hash": "047B1815D744E1D34C428D54ABC44391EEF779E3C540D5050E744138336B2AD1",
   "type": "CP"
  }
 ],
 "imagepath": "\\\\lab8061\\Dropbox\\venkat_sai\\FlashTools_V4.0.3p01_20211226 - Copy\\image_ec618\\pkgdir\\pkg_extract_tmp\\",
 "ExtractSyncRec": {
  "LastSyncTime": 1650265289,
  "LastSyncStat": 1,
  "PackagePath": "\\\\lab8061\\Dropbox\\venkat_sai\\FlashTools_V4.0.3p01_20211226 - Copy\\image_ec618\\pkgdir\\merge.binpkg",
  "PackageExtDir": "\\\\lab8061\\Dropbox\\venkat_sai\\FlashTools_V4.0.3p01_20211226 - Copy\\image_ec618\\pkgdir\\pkg_extract_tmp",
  "PackageModTime": 1631266496,
  "PackageSize": 2290838,
  "PackageHash": "07f04ed630d16d5f1061ed45b896bb3044661107996ff5f4af0c2920ae1d19bb"
 }
}