{
	"fs": {
		"begin":"0xb50000",
		"length":"344064"
	},
	"fraw": {
		"begin":"0xbbb000",
		"length":"4096"
	},	
	"rr": {
		"begin":"0xba4000",
		"length":"81920"
	},
	"drr": {
		"begin":"0x816000",
		"length":"40960"
	},
	"hfd": {
		"begin":"0xbbc000",
		"length":"278528"
	},
	"opt": {
		"begin":"0x0800000",
		"length":"4194304"
	},
	"cal":[
		{
			"stor_type": "ap_flash",
			"offst_flag": "1",		
			"begin":"0x3a4000",
			"length":"32768"
		},
		{
			"stor_type": "ap_flash",		
			"offst_flag": "1",			
			"begin":"0x3ae000",
			"length":"0x8000"
		}		
	],
	"erallum":[
		{
			"stor_type": "ap_flash",
			"offst_flag": "1",			
			"begin":"0x0",
			"length":"0x16000"			
		},		
		{
			"stor_type": "ap_flash",
			"offst_flag": "1",			
			"begin":"0x20000",
			"length":"0x384000"			
		},
		{
			"stor_type": "ap_flash",
			"offst_flag": "1",			
			"begin":"0x3b8000",
			"length":"0x48000"
		}
	]
}