{
 "HashAlgorithm": "SHA256",
 "imageinfo": [
  {
   "addr": 16384,
   "file": "ap_bootloader.bin",
   "flashsize": 131072,
   "hash": "8E55FCF229242D432ECE59E72C19F458D18AD10B0530BC1DAA6E05D0862E8DD0",
   "type": "BL"
  },
  {
   "addr": 147456,
   "file": "ap_at_command.bin",
   "flashsize": 2621440,
   "hash": "7226EBE6D4E1BC87D0195EB0AB00E61BE869BB011DDE74ECB1F5FB8D7502EF75",
   "type": "AP"
  },
  {
   "addr": 0,
   "file": "cp-demo-flash.bin",
   "flashsize": 524288,
   "hash": "61DECB2C0E14EF53F511E82FCD986203CA6487EE6C55E623336CF3670E6E8598",
   "type": "CP"
  }
 ],
 "imagepath": "C:\\Dropbox\\Abdullah\\Tools\\FlashTools_V4.0.3p01_20211226 - Copy\\pkg_extract_tmp\\",
 "ExtractSyncRec": {
  "LastSyncTime": 1643968142,
  "LastSyncStat": 1,
  "PackagePath": "C:\\Dropbox\\Abdullah\\Tools\\FlashTools_V4.0.3p01_20211226 - Copy\\at_command.binpkg",
  "PackageExtDir": "C:\\Dropbox\\Abdullah\\Tools\\FlashTools_V4.0.3p01_20211226 - Copy\\pkg_extract_tmp",
  "PackageModTime": 1643724873,
  "PackageSize": 2470350,
  "PackageHash": "7df79a649d09bd9a3d0b90aac8555758dd6fc99be47e69ee3f4be7db510268e8"
 }
}